CAZIMUTH,CELEVATION,TIME
0.0,55.135786199194776,127.0
0.0,71.05464871730405,144.0
0.0,79.17846478707212,156.0
0.0,32.50275038141338,175.5
0.0,49.77876106401124,190.0
0.0,30.0,202.5
0.0,30.0,213.5
0.0,90.0,248.0
0.0,37.26738384850098,283.5
0.0,47.86864033549776,333.5
0.0,59.60044758743244,345.0
0.0,54.69908456257004,355.5
0.0,62.45799004960094,366.0
0.0,46.36033023095891,377.0
0.0,86.63996871755342,392.5
0.0,30.0,413.0
0.0,31.928170060551402,472.0
0.0,30.0,486.5
0.0,33.812655884143254,497.0
