x,y,z,heading,airspeed,fuel,time
18521.24006011025,3451.5128756629347,914.0,51.8161965030908,84.87599999999999,1040.8666666666857,380.0
