CELEVATION,CHEADING,CSPEED,TIME
0.0,73.34634189108249,0.0,6.0
0.0,158.67826212801688,0.0,100.5
0.0,-14.48112528369551,0.0,124.5
0.0,12.013887874741464,0.0,195.5
0.0,-29.929716557501234,0.0,233.5
0.0,-77.79125910802124,0.0,282.0
0.0,132.17691325244422,0.0,296.0
0.0,4.019718579666355,0.0,306.5
0.0,13.46700071518282,0.0,325.0
0.0,-98.90639913887833,0.0,342.5
0.0,-72.93942178336683,0.0,353.0
0.0,54.758956547362786,0.0,363.5
0.0,132.521440319083,0.0,376.0
