CAZIMUTH,CELEVATION,TIME
0.0,39.40602820273364,9.5
0.0,30.0,75.0
0.0,47.473085784618675,153.5
0.0,55.0,308.0
0.0,32.40478999424505,383.5
0.0,51.3680038529576,439.0
0.0,33.79158491543819,473.5
0.0,34.501461393795644,515.5
0.0,41.69949960714732,546.0
0.0,54.14914930082471,579.5
0.0,54.8060156147065,657.0
0.0,31.790755052094134,704.0
0.0,40.33930803614843,891.0
