x,y,z,heading,airspeed,fuel,time
4675.756793878253,7296.681644298627,914.0,-97.47897952927539,84.87599999999999,1040.8666666666857,380.0
